model,param_config,average,average_neg_std_25,average_neg_std_50,average_neg_std_75,neg_stdev,weighted_avg,regret_average,regret_neg_std,mean_neg_std_regret_25,mean_neg_std_regret_50,mean_neg_std_regret_75,rank_average,rank_neg_std,mean_neg_std_rank_25,mean_neg_std_rank_50,mean_neg_std_rank_75
DecisionTreeClassifier_date_params,0,0.41048319776072384,0.07034979627800603,0.1837275967722453,0.29710539726648455,-0.043028004216233255,0.39451565876537453,-0.296832725675389,-0.10247533591252461,-0.1510646833532407,-0.1996540307939568,-0.2482433782346729,33.9,-21.81971585516182,-7.889786891371367,6.040142072419089,19.970071036209543
DecisionTreeClassifier_date_params,2,0.44054165263163086,0.07070422423383049,0.1939833670330973,0.3172625098323641,-0.052574918565436286,0.4203174653080331,-0.26677427080448196,-0.096833144410687,-0.13931842600913574,-0.18180370760758446,-0.2242889892060332,44.4,-22.853154413924276,-6.039865810443208,10.773422793037861,27.58671139651893
DecisionTreeClassifier_date_params,4,0.4090479518499686,0.051623252869224354,0.17076481919613912,0.28990638552305387,-0.0675183134576904,0.3843747420825492,-0.29826797158614415,-0.10803143578742788,-0.15559056973710694,-0.20314970368678603,-0.25070883763646507,35.65,-30.07033421829561,-13.640250663721707,2.7898328908521943,19.219916445426094
DecisionTreeClassifier_date_params,6,0.4451815638849544,0.012365826358402679,0.15663773886725324,0.3009096513761038,-0.13190608615044788,0.39154298844210444,-0.2621343595511584,-0.1362232352159367,-0.16770101629974213,-0.19917879738354755,-0.23065657846735296,82.1,-99.60304546883427,-54.17728410162571,-8.751522734417136,36.67423863279143
DecisionTreeClassifier_date_params,8,0.4773496956750193,0.07525765823845884,0.20928833738397898,0.34331901652949914,-0.05877302090706132,0.45916812202196255,-0.22996622776109352,-0.09051731727052446,-0.12537954489316672,-0.16024177251580898,-0.19510400013845125,58.8,-30.84297146659006,-8.432228599942547,13.978514266704968,36.38925713335248
DecisionTreeClassifier_date_params,10,0.45931937438537834,0.04076728281027689,0.18028464666864405,0.3198020105270112,-0.09875008104809026,0.42537788834662094,-0.2479965490507344,-0.1315855865967296,-0.1606883272102308,-0.189791067823732,-0.2188938084372332,46.0,-29.649807943916112,-10.737355957937083,8.175096028041944,27.08754801402097
DecisionTreeClassifier_date_params,11,0.4607373233838955,0.07315440924884484,0.2023487139605284,0.3315430186722119,-0.056039895462838725,0.4285187489321347,-0.24657860005221735,-0.10387958161431249,-0.1395543362237887,-0.17522909083326493,-0.21090384544274116,56.7,-42.77862914015725,-17.908971855117937,6.9606854299213765,31.830342714960693
DecisionTreeClassifier_date_params,16,0.46898961589352933,0.07796812312945468,0.20830862071747958,0.3386491183055044,-0.052372374458570195,0.4458989916723576,-0.23832630754258338,-0.09502221250990511,-0.13084823626807468,-0.16667426002624425,-0.20250028378441381,56.7,-26.44091946627844,-5.655689599708829,15.129540266860781,35.914770133430395
DecisionTreeClassifier_date_params,18,0.41888829043938414,0.0613672291163386,0.18054091622402044,0.2997146033317023,-0.05780645799134324,0.399245112069916,-0.2884276329967287,-0.09300159193643057,-0.1418581022015051,-0.1907146124665796,-0.23957112273165415,35.1,-25.929177044831608,-10.671882783623706,4.585411477584197,19.8427057387921
DecisionTreeClassifier_date_params,20,0.4302406051822027,0.051435189716369484,0.17770366153831388,0.3039721333602583,-0.07483328210557492,0.39526424339187605,-0.27707531825391,-0.13276384881396092,-0.1688417161739482,-0.20491958353393547,-0.24099745089392272,58.15,-72.79119681206878,-40.05589760905158,-7.320598406034389,25.414700796982803
DecisionTreeClassifier_date_params,23,0.40715056139917544,0.06062117660842098,0.17613097153867247,0.29164076646892395,-0.05488861832183051,0.37951603659507055,-0.3001653620369374,-0.11093097959103634,-0.15823957520251158,-0.20554817081398685,-0.2528567664254621,31.2,-28.45581370007425,-13.541860275055686,1.3720931499628755,16.286046574981437
DecisionTreeClassifier_date_params,24,0.45574716970260487,0.07015195497763288,0.19868369321929022,0.3272154314609475,-0.05837978326402445,0.43337353744914686,-0.25156875373350784,-0.07844663118523998,-0.12172716182230695,-0.1650076924593739,-0.20828822309644088,57.9,-40.896753470715055,-16.19756510303629,8.501623264642472,33.20081163232123
DecisionTreeClassifier_date_params,25,0.45725855839993157,0.06989545042770029,0.19901648641844405,0.3281375224091878,-0.05922558556304348,0.43447395204749995,-0.2500573650361812,-0.09816927537517424,-0.136141297790426,-0.1741133202056777,-0.21208534262092946,51.0,-31.97568520680119,-11.231763905100895,9.512157396599404,30.256078698299703
DecisionTreeClassifier_date_params,26,0.4154875653194229,0.06591458298895482,0.18243891043244417,0.2989632378759335,-0.05060974445453453,0.3977199782971589,-0.29182835811668995,-0.12303799539893721,-0.1652355860783754,-0.2074331767578136,-0.24963076743725177,31.0,-22.40535650240808,-9.054017376806058,4.2973217487959605,17.64866087439798
DecisionTreeClassifier_date_params,28,0.45554474837142955,0.06567083236251733,0.19562880436548807,0.32558677636845884,-0.0642871396404534,0.43805115258357624,-0.2517711750646833,-0.11663250961093989,-0.15041717597437573,-0.1842018423378116,-0.21798650870124742,57.3,-28.27660988638254,-6.882457414786906,14.511695056808728,35.90584752840436
DecisionTreeClassifier_date_params,29,0.5152200438555453,0.07099648178009232,0.21907100247191,0.36714552316372767,-0.07707803891172534,0.5088924118659409,-0.19209587958056748,-0.13871955909564504,-0.15206363921687566,-0.16540771933810627,-0.17875179945933686,90.75,-57.65859770137398,-20.55644827603048,16.54570114931301,53.6478505746565
DecisionTreeClassifier_date_params,33,0.4612379316628753,0.07063608159794095,0.2008366982862524,0.33103731497456385,-0.0595645350903705,0.435077227482305,-0.24607799177323741,-0.09958134430552432,-0.13620550617245258,-0.17282966803938088,-0.20945382990630915,51.8,-36.72056644443275,-14.590424833324562,7.5397167777836245,29.669858388891807
DecisionTreeClassifier_date_params,34,0.4596777399088414,0.07111968921412269,0.2006390394456956,0.3301583896772685,-0.05839966101745022,0.43821780016030676,-0.24763818352727135,-0.1074244368705039,-0.14247787353469576,-0.17753131019888763,-0.2125847468630795,53.8,-24.78709341572747,-5.140320061795602,14.506453292136264,34.15322664606813
DecisionTreeClassifier_date_params,35,0.4651759762154371,0.06948806647238927,0.20138403638673855,0.33328000630108784,-0.06240790344196001,0.4492966997211075,-0.24213994722067572,-0.12176020148832727,-0.15185513792141436,-0.1819500743545015,-0.21204501078758858,55.7,-26.170594185077267,-5.70294563880795,14.764702907461368,35.232351453730686
DecisionTreeClassifier_date_params,37,0.45176928225696644,0.08070405351777096,0.20439246309750278,0.3280808726772346,-0.042984356061960875,0.4301679957690062,-0.2555466411791464,-0.10018564797458132,-0.1390258962757226,-0.17786614457686384,-0.2167063928780051,48.1,-26.168046672739383,-7.601035004554538,10.96597666363031,29.532988331815158
DecisionTreeClassifier_date_params,38,0.43461354283617526,0.0721330479859588,0.19295987960269761,0.31378671121943646,-0.048693783630780016,0.4143567282398827,-0.27270238059993757,-0.11313987701094419,-0.15303050290819253,-0.19292112880544088,-0.23281175470268922,44.5,-36.93011417980363,-16.57258563485272,3.7849429100981844,24.14247145504909
DecisionTreeClassifier_date_params,39,0.407862523234871,0.06130672524814301,0.17682532457705233,0.2923439239059617,-0.05421187408076632,0.3909292647679312,-0.2994534002012419,-0.09483536580906334,-0.14598987440710798,-0.1971443830051526,-0.24829889160319726,29.7,-22.380795338861393,-9.360596504146045,3.659602330569303,16.67980116528465
DecisionTreeClassifier_date_params,40,0.4207759250742513,0.05608053286302585,0.177645663600101,0.2992107943371762,-0.06548459787404931,0.40097339907048374,-0.2865399983618614,-0.09106323654103979,-0.1399324269962452,-0.18880161745145058,-0.23767080790665598,30.2,-16.416793569729478,-4.762595177297109,6.891603215135261,18.54580160756763
DecisionTreeClassifier_date_params,41,0.4457238256638541,0.06065484706419803,0.1890111732640834,0.31736749946396875,-0.06770147913568733,0.42022404822954823,-0.2615920977722588,-0.0965661988580121,-0.13782267358657377,-0.17907914831513544,-0.2203356230436971,51.7,-36.51498931184897,-14.461241983886726,7.592505344075516,29.64625267203776
DecisionTreeClassifier_date_params,44,0.4642505500429343,0.0749342431238044,0.20470634543018104,0.33447844773655766,-0.05483785918257224,0.4402186950366748,-0.2430653733931784,-0.09442037035846765,-0.13158162111714533,-0.16874287187582304,-0.2059041226345007,53.6,-26.475145577188684,-6.456359182891513,13.562427211405659,33.58121360570283
DecisionTreeClassifier_date_params,45,0.4133693531413304,0.06646648048034119,0.1821007713673376,0.297735062254334,-0.04916781040665521,0.40286481499282634,-0.29394657029478244,-0.10507521898498347,-0.15229305681243321,-0.19951089463988295,-0.2467287324673327,28.9,-17.051881616603684,-5.563911212452764,5.9240591916981575,17.412029595849077
DecisionTreeClassifier_date_params,47,0.4681998719752397,0.06474064288285838,0.19922705258031884,0.33371346227777926,-0.06974576681460205,0.45701375392549864,-0.23911605146087306,-0.13885707463098199,-0.16392181883845475,-0.18898656304592754,-0.2140513072534003,64.2,-50.52568103889788,-21.844260779173407,6.837159480551062,35.518579740275534
LogisticRegression_date_params,0,0.514119726746495,0.06008884371361811,0.21143247139124371,0.3627760990688694,-0.09125478396400752,0.49900228628822274,-0.19319619668961782,-0.10412834205409634,-0.12639530571297672,-0.1486622693718571,-0.17092923303073745,82.6,-47.11027252922422,-14.682704396918162,17.744863735387888,50.172431867693945
LogisticRegression_date_params,1,0.5139071326807839,0.06491308323630383,0.21457776638446385,0.3642424495326239,-0.0847515999118562,0.5005096469315581,-0.1934087907553288,-0.10610045514303834,-0.12792753904611096,-0.14975462294918357,-0.17158170685225618,78.15,-34.19799376831597,-6.110995326236974,21.97600311584202,50.06300155792101
LogisticRegression_date_params,2,0.5149297363167563,0.06471421332766321,0.2147860543240276,0.3648578953203919,-0.08535762766870116,0.501643573960753,-0.19238618711935648,-0.10704370003390414,-0.12837932180526723,-0.14971494357663032,-0.1710505653479934,80.1,-35.65716384309517,-6.71787288232138,22.221418078452412,51.160709039226205
LogisticRegression_date_params,3,0.514119726746495,0.06008884371361811,0.21143247139124371,0.3627760990688694,-0.09125478396400752,0.49900228628822274,-0.19319619668961782,-0.10412834205409634,-0.12639530571297672,-0.1486622693718571,-0.17092923303073745,82.6,-47.11027252922422,-14.682704396918162,17.744863735387888,50.172431867693945
LogisticRegression_date_params,4,0.5131774512879698,0.06640125140714759,0.21532665136742163,0.36425205132769567,-0.08252414855312648,0.500131440664861,-0.1941384721481431,-0.10569846143966416,-0.1278084641167839,-0.14991846679390364,-0.17202846947102335,77.95,-25.71040645341882,0.20469515993588416,26.11979677329059,52.0348983866453
LogisticRegression_date_params,5,0.514119726746495,0.06008884371361811,0.21143247139124371,0.3627760990688694,-0.09125478396400752,0.49900228628822274,-0.19319619668961782,-0.10412834205409634,-0.12639530571297672,-0.1486622693718571,-0.17092923303073745,82.6,-47.11027252922422,-14.682704396918162,17.744863735387888,50.172431867693945
LogisticRegression_date_params,6,0.5198984199470708,0.06386943276634253,0.2158790951599186,0.36788875755349465,-0.08814022962723354,0.5070081688671001,-0.187417503489042,-0.10792817876969324,-0.12780050994953043,-0.14767284112936763,-0.1675451723092048,95.5,-36.909047370228585,-3.806785527671437,29.295476314885708,62.39773815744285
LogisticRegression_date_params,7,0.514119726746495,0.06008884371361811,0.21143247139124371,0.3627760990688694,-0.09125478396400752,0.49900228628822274,-0.19319619668961782,-0.10412834205409634,-0.12639530571297672,-0.1486622693718571,-0.17092923303073745,82.6,-47.11027252922422,-14.682704396918162,17.744863735387888,50.172431867693945
LogisticRegression_date_params,8,0.5126593628528815,0.06866065054169619,0.21666022131209128,0.3646597920824864,-0.07933892022869891,0.5017379722178015,-0.19465656058323128,-0.10761078086834475,-0.12937222579706636,-0.151133670725788,-0.17289511565450963,82.5,-30.599564267050166,-2.3246732002876236,25.950217866474915,54.22510893323746
LogisticRegression_date_params,9,0.5098726416923061,0.0679589492967766,0.21526351342861974,0.3625680775604629,-0.07934561483506657,0.49818254926776356,-0.19744328174380674,-0.10849982832591519,-0.13073569168038807,-0.15297155503486096,-0.17520741838933385,75.5,-32.77702447345295,-5.707768355089712,21.361487763273526,48.430743881636765
LogisticRegression_date_params,10,0.5127472721189531,0.06528949488692372,0.21444208729760017,0.36359467970827664,-0.08386309752375275,0.4988771301013254,-0.19456865131715959,-0.1043552009792245,-0.12690856356370828,-0.14946192614819204,-0.1720152887326758,74.85,-23.456875324731552,1.1198435064513355,25.69656233763422,50.27328116881711
LogisticRegression_date_params,11,0.5139071326807839,0.06491308323630383,0.21457776638446385,0.3642424495326239,-0.0847515999118562,0.5005096469315581,-0.1934087907553288,-0.10610045514303834,-0.12792753904611096,-0.14975462294918357,-0.17158170685225618,78.15,-34.19799376831597,-6.110995326236974,21.97600311584202,50.06300155792101
LogisticRegression_date_params,12,0.5198714319664486,0.06357794493119556,0.21567577394294657,0.3677736029546976,-0.08851988408055544,0.5069351072829251,-0.1874444914696642,-0.10808068054380401,-0.12792163327526906,-0.1477625860067341,-0.16760353873819914,93.8,-34.066275274985834,-2.099706456239378,29.86686236250708,61.83343118125354
LogisticRegression_date_params,13,0.5142228413204666,0.066983094255581,0.21606300994387617,0.3651429256321714,-0.08209682143271421,0.5024517512213368,-0.1930930821156462,-0.10762560442491563,-0.12899247384759827,-0.15035934327028092,-0.17172621269296354,83.4,-25.52863316182657,1.7035251286300763,28.93568341908672,56.16784170954336
LogisticRegression_date_params,14,0.519961295374069,0.06356233652065398,0.21569532280512566,0.3678283090895973,-0.08857064976381769,0.5070549251597524,-0.18735462806204378,-0.10807338290475756,-0.12789369419407912,-0.14771400548340066,-0.16753431677272224,94.1,-34.17910342754928,-2.1093275706619607,29.960448286225358,62.03022414311267
LogisticRegression_date_params,15,0.5112318490008235,0.06896023317537699,0.2163841051171925,0.363807977059008,-0.07846363876643853,0.5000532726646232,-0.19608407443528936,-0.10697164158253887,-0.1292497497957265,-0.1515278580089141,-0.17380596622210173,76.8,-29.078629036917587,-2.6089717776881898,23.860685481541204,50.3303427407706
LogisticRegression_date_params,16,0.514972905452852,0.06476593274837159,0.21483492364986506,0.3649039145513585,-0.08530305815312189,0.5016723533848167,-0.19234301798326073,-0.10701428997435608,-0.12834647197658225,-0.14967865397880842,-0.17101083598103456,81.45,-33.55381250071791,-4.802859375538432,23.948093749641046,52.699046874820525
LogisticRegression_date_params,17,0.5203933725706473,0.06310259484209489,0.2155328540849457,0.3679631133277965,-0.08932766440075592,0.5074607202999359,-0.18692255086546555,-0.10854150509216778,-0.12813676653549222,-0.14773202797881668,-0.16732728942214112,96.25,-38.6006980362906,-4.888023527217953,28.8246509818547,62.53732549092735
LogisticRegression_date_params,18,0.5207880967051937,0.06359985357921917,0.21599593462121067,0.3683920156632022,-0.08879622746277233,0.5076952666485648,-0.1865278267309191,-0.10837510083499068,-0.12791328230897278,-0.1474514637829549,-0.166989645256937,99.5,-34.49154485764108,-0.993658643230809,32.504227571179456,66.00211378558973
LogisticRegression_date_params,19,0.5103542909429836,0.06811138038651776,0.2155256839053397,0.36293998742416167,-0.07930292313230418,0.49877676487417105,-0.19696163249312923,-0.10837468235401583,-0.13052141988879418,-0.15266815742357254,-0.17481489495835087,75.0,-28.895405247970558,-2.9215539359779186,23.05229737601472,49.02614868800736
LogisticRegression_date_params,20,0.510164863617449,0.0674335716056042,0.21501066894288579,0.36258776628016737,-0.08014352573167738,0.4990285531545461,-0.1971510598186638,-0.10896313556768418,-0.13101011663042908,-0.153057097693174,-0.1751040787559189,74.05,-35.123156337537644,-7.829867253153235,19.463421831231177,46.756710915615585
LogisticRegression_date_params,21,0.5139111124070503,0.0670903400473703,0.216030597500597,0.36497085495382364,-0.08184991740585637,0.5022723585093554,-0.1934048110290624,-0.10802537296818172,-0.1293702324834019,-0.15071509199862207,-0.17205995151384224,82.65,-27.512673847196716,0.027994614602462775,27.568663076401645,55.10933153820083
LogisticRegression_date_params,22,0.5195640586843222,0.06348810175862224,0.21551342073385554,0.3675387397090889,-0.08853721721661109,0.5063430678143074,-0.1877518647517905,-0.107842017384483,-0.12781947922630987,-0.14779694106813676,-0.16777440290996362,96.65,-36.92112463677731,-3.528343477582979,29.86443768161135,63.257218840805685
LogisticRegression_date_params,23,0.5191463885134164,0.06317789842982378,0.21516739512435468,0.36715689181888556,-0.0888115982647071,0.5056933586595648,-0.1881695349226964,-0.10779672863948754,-0.12788993021028977,-0.14798313178109196,-0.16807633335189417,96.3,-37.12306859921769,-3.7673014494132673,29.588465700391154,62.944232850195576
LogisticRegression_date_params,24,0.514119726746495,0.06008884371361811,0.21143247139124371,0.3627760990688694,-0.09125478396400752,0.49900228628822274,-0.19319619668961782,-0.10412834205409634,-0.12639530571297672,-0.1486622693718571,-0.17092923303073745,82.6,-47.11027252922422,-14.682704396918162,17.744863735387888,50.172431867693945
LogisticRegression_date_params,25,0.5142072696446544,0.0670274545606799,0.21608739292200474,0.3651473312833295,-0.0820324838006449,0.5023889423854703,-0.19310865379145845,-0.10765737489512776,-0.12902019461921044,-0.1503830143432931,-0.17174583406737576,83.2,-25.3653306700307,1.7760019974769747,28.91733466498465,56.058667332492334
LogisticRegression_date_params,26,0.514119726746495,0.06008884371361811,0.21143247139124371,0.3627760990688694,-0.09125478396400752,0.49900228628822274,-0.19319619668961782,-0.10412834205409634,-0.12639530571297672,-0.1486622693718571,-0.17092923303073745,82.6,-47.11027252922422,-14.682704396918162,17.744863735387888,50.172431867693945
LogisticRegression_date_params,27,0.5101662260984013,0.06796079708523725,0.21536260675629196,0.3627644164273467,-0.07944101258581744,0.49860154752751984,-0.19714969733771134,-0.10851256501923029,-0.13067184809885055,-0.1528311311784708,-0.1749904142580911,77.0,-31.844238969640262,-4.6331792272301975,22.57788051517987,49.788940257589935
LogisticRegression_date_params,28,0.5165321348857639,0.06535030786082632,0.21574425020247218,0.36613819254411806,-0.08504363448081953,0.5036637642249092,-0.19078378855034886,-0.10709930595055331,-0.1280204266005022,-0.14894154725045108,-0.16986266790039997,86.6,-26.953457828057772,1.4349066289566679,29.82327108597111,58.21163554298555
LogisticRegression_date_params,29,0.5124828984881586,0.06806631235061775,0.2162051743964647,0.36434403644231167,-0.08007254969522923,0.5011035522419569,-0.19483302494795407,-0.10742893703431097,-0.12927995901272174,-0.15113098099113254,-0.1729820029695433,79.15,-29.832914335977602,-2.587185751983199,24.6585428320112,51.90427141600561
LogisticRegression_date_params,30,0.519961295374069,0.06356233652065398,0.21569532280512566,0.3678283090895973,-0.08857064976381769,0.5070549251597524,-0.18735462806204378,-0.10807338290475756,-0.12789369419407912,-0.14771400548340066,-0.16753431677272224,94.1,-34.17910342754928,-2.1093275706619607,29.960448286225358,62.03022414311267
LogisticRegression_date_params,31,0.514119726746495,0.06008884371361811,0.21143247139124371,0.3627760990688694,-0.09125478396400752,0.49900228628822274,-0.19319619668961782,-0.10412834205409634,-0.12639530571297672,-0.1486622693718571,-0.17092923303073745,82.6,-47.11027252922422,-14.682704396918162,17.744863735387888,50.172431867693945
LogisticRegression_date_params,32,0.5142012369709572,0.0645111674403325,0.21440785728387407,0.36430454712741567,-0.08538552240320907,0.5006937950880432,-0.1931146864651555,-0.10586587946470591,-0.1276780812148183,-0.14949028296493072,-0.1713024847150431,78.8,-32.56804841831604,-4.72603631373703,23.11597579084198,50.957987895420985
LogisticRegression_date_params,33,0.514119726746495,0.06008884371361811,0.21143247139124371,0.3627760990688694,-0.09125478396400752,0.49900228628822274,-0.19319619668961782,-0.10412834205409634,-0.12639530571297672,-0.1486622693718571,-0.17092923303073745,82.6,-47.11027252922422,-14.682704396918162,17.744863735387888,50.172431867693945
LogisticRegression_date_params,34,0.5158190972993232,0.06467147734018411,0.21505401732656382,0.36543655731294344,-0.08571106264619557,0.5029418043829305,-0.19149682613678953,-0.10730137789440262,-0.12835023995499933,-0.14939910201559609,-0.1704479640761928,84.05,-29.747502229412284,-1.2981266720592153,27.151248885293857,55.600624442646925
LogisticRegression_date_params,35,0.5183193135800424,0.06522420194973681,0.21625590582650533,0.36728760970327384,-0.0858075019270317,0.5052868266818233,-0.18899660985607042,-0.10511721208600318,-0.12608706152852,-0.1470569109710368,-0.1680267604135536,90.7,-28.5396410473417,1.2702692144937267,31.08017947632915,60.89008973816458
LogisticRegression_date_params,36,0.5136834845898105,0.06737897636728982,0.2161471457747967,0.36491531518230363,-0.08138919304021708,0.5020336494400477,-0.1936324388463023,-0.10741066606287504,-0.12896610925873186,-0.15052155245458868,-0.17207699565044549,81.65,-27.181539895876227,0.02634507809283093,27.23423005206189,54.44211502603095
LogisticRegression_date_params,37,0.5107546726998851,0.06820959386555993,0.2157246201436683,0.3632396464217767,-0.07930543241254845,0.4991274679631205,-0.1965612507362277,-0.10643681018896599,-0.12896792032578142,-0.15149903046259686,-0.17403014059941227,75.6,-27.728645437124722,-1.8964840778435423,23.935677281437634,49.767838640718814
LogisticRegression_date_params,38,0.5163334362816914,0.06572574256613527,0.2159283071379873,0.3661308717098393,-0.08447682200571677,0.5041522393061303,-0.19098248715442145,-0.1068561728282568,-0.12788775140979797,-0.1489193299913391,-0.16995090857288028,84.25,-29.173094529796533,-0.8173208973474004,27.538452735101735,55.894226367550864
LogisticRegression_date_params,39,0.5141735863005065,0.06486630641113145,0.21463539970758977,0.36440449300404815,-0.0849027868853269,0.5007190218747695,-0.1931423371356063,-0.1059664846377776,-0.12776044776223477,-0.14955441088669194,-0.17134837401114913,78.8,-31.60537928897548,-4.004034466731611,23.597310355512256,51.19865517775612
LogisticRegression_date_params,40,0.514119726746495,0.06008884371361811,0.21143247139124371,0.3627760990688694,-0.09125478396400752,0.49900228628822274,-0.19319619668961782,-0.10412834205409634,-0.12639530571297672,-0.1486622693718571,-0.17092923303073745,82.6,-47.11027252922422,-14.682704396918162,17.744863735387888,50.172431867693945
LogisticRegression_date_params,41,0.5107584641069566,0.06798786723916642,0.21557806619509648,0.36316826515102657,-0.07960233171676363,0.4993016571999151,-0.19655745932915614,-0.10852736826912832,-0.13053489103413526,-0.15254241379914224,-0.1745499365641492,78.15,-29.52498941574747,-2.606242061810601,24.312505292126268,51.23125264606314
LogisticRegression_date_params,42,0.514119726746495,0.06008884371361811,0.21143247139124371,0.3627760990688694,-0.09125478396400752,0.49900228628822274,-0.19319619668961782,-0.10412834205409634,-0.12639530571297672,-0.1486622693718571,-0.17092923303073745,82.6,-47.11027252922422,-14.682704396918162,17.744863735387888,50.172431867693945
LogisticRegression_date_params,43,0.5204684115404673,0.06353764181333779,0.21584789838904764,0.3681581549647575,-0.08877261476237204,0.5074914443457931,-0.18684751189564547,-0.1071090933631007,-0.12704369799623688,-0.1469783026293731,-0.1669129072625093,95.4,-35.066444866218696,-2.449833649664022,30.166777566890655,62.78338878344534
LogisticRegression_date_params,44,0.5143294420991624,0.06470001910166942,0.21457649343416707,0.36445296776666475,-0.08517645523082826,0.5007507751450232,-0.19298648133695037,-0.10588550359164992,-0.12766074802797503,-0.14943599246430014,-0.17121123690062526,80.05,-29.82211148348375,-2.3540836126128113,25.113944258258122,52.581972129129056
LogisticRegression_date_params,45,0.5188813776808567,0.06318198554431176,0.2150817829231601,0.3669815803020084,-0.08871781183453656,0.5056344673634404,-0.18843454575525598,-0.10851658998507965,-0.12849607892762374,-0.1484755678701678,-0.1684550568127119,95.55,-37.22786441482897,-4.033398311121729,29.161067792585513,62.355533896292755
LogisticRegression_date_params,46,0.5127881271682897,0.06670833410399696,0.2154015984587612,0.36409486281352543,-0.0819849302507673,0.4999463063402183,-0.19452779626782307,-0.10519451210101417,-0.1275278331427164,-0.14986115418441862,-0.17219447522612083,75.3,-22.768399153212332,1.7487006350907492,26.265800423393834,50.78290021169691
LogisticRegression_date_params,47,0.5130091937604186,0.06651734813070967,0.21534796334061268,0.36417857855051566,-0.08231326707919331,0.5000963246126366,-0.19430672967569426,-0.10544176663048123,-0.12765800739178448,-0.14987424815308775,-0.172090488914391,77.05,-24.314433299311474,1.0266750255163934,26.36778335034426,51.708891675172126
LogisticRegression_date_params,48,0.5158273492797291,0.0639252410337806,0.21455927711576342,0.3651933131977463,-0.08670879504820223,0.5025421505208026,-0.1914885741563837,-0.1088959261296766,-0.12954408813635337,-0.15019225014303017,-0.17084041214970694,82.25,-34.99940475684313,-5.687053567632347,23.625297621578436,52.93764881078922
LogisticRegression_date_params,49,0.5127916187148769,0.06136298958248333,0.21183919929328118,0.36231540900407905,-0.08911322012831452,0.49825208981235597,-0.19452430472123589,-0.10642198299844656,-0.12844756342914387,-0.15047314385984123,-0.17249872429053853,81.65,-35.380510956677206,-6.122883217507905,23.1347445216614,52.392372260830705
MLPClassifier_date_params,3,0.47916516970832035,0.038320442107782654,0.18526868464129523,0.3322169271748078,-0.1086278004257299,0.4453086534789535,-0.22815075372779248,-0.14370787861179757,-0.1648185973907963,-0.18592931616979502,-0.20704003494879375,88.4,-54.59792425846731,-18.84844319385048,16.90103787076635,52.65051893538318
MLPClassifier_date_params,4,0.5328317790322379,0.07112045449399171,0.22502422934007377,0.3789280041861558,-0.08278332035209035,0.5147353384322886,-0.1744841444038748,-0.09297788498284892,-0.11335444983810539,-0.13373101469336185,-0.1541075795486183,104.0,-28.225284173355398,4.83103686998345,37.887357913322305,70.94367895666115
MLPClassifier_date_params,5,0.5140257878568402,0.07728282390151398,0.22286381188662271,0.36844479987173145,-0.06829816408359475,0.498532027661946,-0.1932901355792726,-0.09644648546487632,-0.12065739799347538,-0.14486831052207447,-0.16907922305067352,87.7,-27.868939301268316,1.0232955240487627,29.915530349365845,58.80776517468293
MLPClassifier_date_params,7,0.5233377365805711,0.062272181471341226,0.21596069984108454,0.36964921821082786,-0.09141633689840208,0.504003842698906,-0.1839781868555416,-0.11082820733575909,-0.1291157022157047,-0.14740319709565033,-0.16569069197559597,91.25,-32.88299966041217,-1.8497497453091256,29.183500169793916,60.21675008489696
MLPClassifier_date_params,9,0.5191189200991183,0.06658827078575205,0.21743182055687413,0.3682753703279962,-0.08425527898537004,0.4938859230052118,-0.18819700333699446,-0.09243054580834285,-0.11637216019050575,-0.14031377457266866,-0.16425538895483158,92.5,-25.898305392867353,3.701270955349486,33.30084730356632,62.900423651783164
MLPClassifier_date_params,10,0.5554488619950082,0.07429176437219695,0.23467746357980068,0.39506316278740444,-0.08609393483540681,0.5403181349719228,-0.15186706144110462,-0.10643199591214306,-0.11779076229438346,-0.12914952867662383,-0.14050829505886422,120.65,-27.00828062321299,9.906289532590257,46.82085968839351,83.73542984419676
MLPClassifier_date_params,13,0.5481981825672758,0.06912933494110557,0.22881895081649567,0.38850856669188577,-0.0905602809342845,0.5190085432078135,-0.15911774086883698,-0.10137400653527653,-0.11580994011866666,-0.13024587370205676,-0.14468180728544686,121.35,-59.28933293603496,-14.129499702026223,31.030333531982517,76.19016676599125
MLPClassifier_date_params,14,0.5814327716897708,0.07871060253183372,0.24628465891781276,0.4138587153037918,-0.0888634538541453,0.5616379209873398,-0.12588315174634196,-0.11346533204849953,-0.11656978697296014,-0.11967424189742074,-0.12277869682188135,157.45,-50.693222207488226,1.3425833443838258,53.378388896255885,105.41419444812793
MLPClassifier_date_params,18,0.5467896514197153,0.06565590014849029,0.2260338172388986,0.3864117343293069,-0.09472201694191804,0.5135437556496827,-0.16052627201639755,-0.10158497547775941,-0.11632029961241894,-0.13105562374707846,-0.14579094788173802,121.1,-48.075057057804,-5.781292793353003,36.512471471097996,78.806235735549
MLPClassifier_date_params,20,0.5219927980246621,0.06759494948690258,0.2190608989994891,0.3705268485120756,-0.08387100002568394,0.4997482889472466,-0.18532312541145063,-0.10135862122121425,-0.12234974726877335,-0.14334087331633244,-0.16433199936389153,98.15,-41.71866755089647,-6.751500663172351,28.215666224551768,63.182833112275894
MLPClassifier_date_params,22,0.5504438113886357,0.07218528841526684,0.23160479607305648,0.39102430373084607,-0.0872342192425228,0.5236307699923342,-0.15687211204747706,-0.10164097965498034,-0.11544876275310453,-0.1292565458512287,-0.14306432894935286,115.3,-35.913630962197196,1.889776778352104,39.693184518901404,77.4965922594507
MLPClassifier_date_params,27,0.5201987686359956,0.06213468221697217,0.2148227110233133,0.3675107398296545,-0.09055334658936896,0.5022608857027753,-0.1871171548001173,-0.09786630846804355,-0.12017902005106199,-0.14249173163408044,-0.16480444321709886,87.3,-26.733458021321855,1.774906484008607,30.283270989339073,58.79163549466953
MLPClassifier_date_params,34,0.5206968007925019,0.05693054243915034,0.21151929522360086,0.3661080480080514,-0.09765821034530019,0.49990528796963535,-0.1866191226436109,-0.10960989733688087,-0.12886220366356338,-0.1481145099902459,-0.1673668163169284,94.25,-41.2682619508557,-7.388696463141777,26.49086902457215,60.370434512286074
MLPClassifier_date_params,35,0.5389997231618644,0.0744421070740619,0.22929464576999606,0.3841471844659302,-0.08041043162187227,0.5131469578813347,-0.1683162002742485,-0.10030194391584929,-0.11730550800544909,-0.1343090720950489,-0.15131263618464869,109.1,-33.6895961520599,2.0078028859550727,37.70520192397005,73.40260096198502
MLPClassifier_date_params,38,0.5288653564568804,0.07328269033469112,0.22514357904208754,0.37700446774948393,-0.0785781983727053,0.5116643056648171,-0.17845056697923248,-0.10483276905107025,-0.12323721853311081,-0.14164166801515138,-0.16004611749719194,97.2,-26.300823814727426,4.57438213895443,35.44958809263629,66.32479404631815
MLPClassifier_date_params,40,0.5587630012590786,0.06253989141768343,0.2279475946981485,0.39335529797861357,-0.10286781186278164,0.5267102064470249,-0.1485529221770342,-0.10652844150528008,-0.11703456167321862,-0.12754068184115713,-0.13804680200909566,137.4,-56.59053709666386,-8.09290282249789,40.40473145166807,88.90236572583404
MLPClassifier_date_params,41,0.5725266149010773,0.01554339557292661,0.20120446868231015,0.3868655417916937,-0.17011767753645696,0.5244967760523488,-0.1347893085350355,-0.05778011650285274,-0.07703241451089843,-0.09628471251894413,-0.11553701052698982,110.25,-60.43051565411487,-17.760386740586156,24.909742172942565,67.57987108647129
MLPClassifier_date_params,43,0.49145605429522804,0.04877814697564213,0.1963374494155041,0.34389675185536606,-0.09878115546421984,0.454563028316592,-0.21585986914088476,-0.10632211220901831,-0.13370655144198493,-0.16109099067495153,-0.18847542990791816,83.4,-62.08453018980565,-25.71339764235423,10.657734905097179,47.028867452548596
MLPClassifier_date_params,45,0.5141942151136385,0.056010242973822566,0.20873823368709454,0.3614662244003665,-0.09671774773944941,0.4682373259085548,-0.19312170832247424,-0.10549165001167038,-0.12739916458937134,-0.1493066791670723,-0.17121419374477329,93.5,-48.47966354852082,-12.984747661390614,22.51016822573959,58.005084112869795
MLPClassifier_date_params,46,0.5585494380458222,0.07536335634979223,0.23642538358180223,0.3974874108138122,-0.08569867088221778,0.5403481775018462,-0.14876648539029064,-0.10899425457028138,-0.11893731227528369,-0.128880369980286,-0.13882342768528833,119.4,-32.011109182768266,5.841668112923802,43.69444540861587,81.54722270430794
MLPClassifier_date_params,49,0.5513883906451073,0.057079818993983664,0.22184934287769154,0.3866188667613994,-0.1076897048897242,0.5191895731990782,-0.15592753279100546,-0.10635656993096736,-0.11874931064597688,-0.13114205136098642,-0.14353479207599593,123.1,-61.22354303878714,-15.142657279090358,30.938228480606426,77.0191142403032
RandomForestClassifier_date_params,0,0.6097295140580805,0.10386482668117557,0.2724863891401439,0.4411079515991122,-0.06475673577779274,0.6022344114268569,-0.0975864093780323,-0.11742863214453958,-0.11246807645291276,-0.10750752076128595,-0.10254696506965912,182.65,-40.00975575476006,15.655183183929957,71.32012212261998,126.98506106130999
RandomForestClassifier_date_params,1,0.6016198451167403,0.10773117476947909,0.2723607315518995,0.43699028833431985,-0.0568983820129413,0.5962800842262176,-0.10569607831937249,-0.1120942016642177,-0.1104946708280064,-0.10889513999179509,-0.10729560915558378,165.55,-38.75310023440419,12.322674824196863,63.39844988279791,114.47422494139896
RandomForestClassifier_date_params,2,0.6207377360463356,0.10788668835405682,0.2788370375848164,0.44978738681557606,-0.06306366087670279,0.6156601288710059,-0.08657818738977717,-0.11719318766212536,-0.10953943759403831,-0.10188568752595126,-0.0942319374578642,203.0,-32.697264581477015,26.22705156389224,85.15136770926149,144.07568385463074
RandomForestClassifier_date_params,3,0.6080445431212987,0.10562370100211513,0.273097315041843,0.4405709290815709,-0.06184991303761273,0.6023112548513722,-0.09927138031481411,-0.11214070365065411,-0.10892337281669412,-0.10570604198273412,-0.10248871114877411,183.55,-29.07886785202539,24.07834911098096,77.23556607398731,130.39278303699368
RandomForestClassifier_date_params,4,0.6205735546295487,0.11350282342823698,0.2825264004953409,0.45154997756244475,-0.05552075363886693,0.6173286531548688,-0.0867423688065641,-0.11870215330858347,-0.11071220718307863,-0.10272226105757379,-0.09473231493206893,204.0,-39.25132694147634,21.561504793892745,82.37433652926183,143.1871682646309
RandomForestClassifier_date_params,5,0.5960104695294787,0.10220786123616388,0.2668087306672688,0.43140960009837376,-0.06239300819494104,0.5885458756678568,-0.11130545390663416,-0.1104590062864419,-0.11067061819148996,-0.11088223009653803,-0.11109384200158609,160.55,-28.15872669154074,19.018454981344448,66.19563665422963,113.37281832711483
RandomForestClassifier_date_params,6,0.6131410506607708,0.11113270029897619,0.27846881708624105,0.44580493387350595,-0.05620341648828869,0.6136432557692055,-0.09417487277534192,-0.11832695484120243,-0.1122889343247373,-0.10625091380827217,-0.10021289329180705,190.5,-46.085066272419894,13.061200295685083,72.20746686379005,131.35373343189502
RandomForestClassifier_date_params,7,0.6053541384890906,0.10547192047748993,0.2720993264813568,0.4387267324852237,-0.061155485526376945,0.5987092020864,-0.10196178494702215,-0.11151879714708736,-0.10912954409707107,-0.10674029104705476,-0.10435103799703846,167.05,-29.267397485180595,19.811951886114556,68.89130125740971,117.97065062870486
RandomForestClassifier_date_params,8,0.6146737288760811,0.10688229554678201,0.2761461066565484,0.4454099177663147,-0.06238151556298434,0.6097869708940695,-0.09264219456003168,-0.1154083969802044,-0.10971684637516123,-0.10402529577011804,-0.09833374516507486,190.45,-29.915111380185248,25.176166464861062,80.26744430990738,135.35872215495365
RandomForestClassifier_date_params,9,0.6120562199435255,0.10494531451187442,0.27398228298909144,0.4430192514663085,-0.06409165396534262,0.6058940629723133,-0.09525970349258725,-0.11457770996888254,-0.10974820834980872,-0.10491870673073489,-0.10008920511166107,185.0,-29.61606170832157,24.03795371875882,77.69196914583921,131.3459845729196
RandomForestClassifier_date_params,10,0.6203202461696437,0.1078832237266619,0.27869556454098915,0.4495079053553164,-0.06292911708766535,0.6139985601770857,-0.08699567726646923,-0.11646653025959113,-0.10909881701131065,-0.10173110376303018,-0.0943633905147497,205.5,-34.96108948213396,25.154182888399532,85.26945525893302,145.3847276294665
RandomForestClassifier_date_params,11,0.6196353115538981,0.10761676826650557,0.27828961602896973,0.4489624637914339,-0.0630560794959586,0.6135390114253606,-0.08768061188221471,-0.11584604727520868,-0.10880468842696019,-0.1017633295787117,-0.0947219707304632,203.65,-30.109107149388098,28.330669637958927,86.77044642530595,145.21022321265298
RandomForestClassifier_date_params,12,0.6173587779972285,0.10488187353358912,0.27570750835480223,0.4465331431760154,-0.06594376128762401,0.6175329434483621,-0.08995714543888435,-0.11891229549140765,-0.11167350797827683,-0.104434720465146,-0.09719593295201517,196.95,-44.39497594197894,15.941268043515791,76.27751202901052,136.61375601450524
RandomForestClassifier_date_params,13,0.6113716927767361,0.10476145433344011,0.27363153381453875,0.4425016132956374,-0.06410862514765854,0.608792107921734,-0.09594423065937668,-0.11612288598641782,-0.11107822215465753,-0.10603355832289725,-0.10098889449113696,187.35,-36.5194392679357,19.44792054904822,75.41528036603215,131.38264018301606
RandomForestClassifier_date_params,14,0.6056640470854487,0.10345726529274352,0.2708595258903119,0.4382617864878803,-0.06394499530482489,0.5974609700101564,-0.10165187635066397,-0.11143698377885418,-0.10899070692180662,-0.10654443006475908,-0.10409815320771153,177.0,-22.055485586231026,27.70838581032673,77.47225720688449,127.23612860344224
RandomForestClassifier_date_params,15,0.6048601020354715,0.1017156016022815,0.2694304350800115,0.43714526855774144,-0.06599923187544848,0.5987167247257762,-0.10245582140064129,-0.1108013438260957,-0.1087149632197321,-0.1066285826133685,-0.10454220200700488,173.55,-20.47281395194884,28.032889536038372,76.53859302402559,125.0442965120128
RandomForestClassifier_date_params,16,0.6176807663277879,0.10348282677718328,0.27488213996071814,0.44628145314425305,-0.0679164864063516,0.6137845817920218,-0.089635157108325,-0.11608448181236797,-0.10947215063635722,-0.10285981946034647,-0.09624748828433574,198.5,-34.413337207800375,23.814997094149717,82.04333139609982,140.2716656980499
RandomForestClassifier_date_params,17,0.624900305439007,0.11315367286118833,0.2837358837204612,0.4543180945797341,-0.057428537998084554,0.6252521589364153,-0.08241561799710566,-0.11762271027052636,-0.10882093720217119,-0.10001916413381601,-0.09121739106546083,209.7,-39.63738414959068,22.696961887806985,85.03130792520466,147.3656539626023
RandomForestClassifier_date_params,18,0.6101224039095886,0.10879373516421546,0.27590329141267317,0.4430128476611309,-0.05831582108424225,0.6010648479706917,-0.09719351952652425,-0.11237294594145882,-0.10857808933772517,-0.10478323273399154,-0.10098837613025789,183.25,-28.44805207156839,24.476460946323705,77.40097396421581,130.3254869821079
RandomForestClassifier_date_params,19,0.6138574115216964,0.10888158525093244,0.27720686067452044,0.4455321360981084,-0.05944369017265554,0.6079416273698832,-0.09345851191441641,-0.11260730971204659,-0.10782011026263905,-0.1030329108132315,-0.09824571136382396,193.1,-23.048017509345815,30.988986867990636,85.02599124532709,139.06299562266352
RandomForestClassifier_date_params,20,0.6138003831392876,0.10271296711264959,0.27307543912152893,0.44343791113040826,-0.06764950489622977,0.6102422631989239,-0.09351554029682504,-0.11608254082487306,-0.11044079069286106,-0.10479904056084904,-0.09915729042883704,189.7,-39.9000139236957,17.49998955722822,74.89999303815215,132.29999651907605
RandomForestClassifier_date_params,21,0.6187488401933112,0.10478326545058497,0.27610512369816037,0.4474269819457358,-0.06653859279699044,0.6134614058346366,-0.08856708324280174,-0.11737711839742782,-0.11017460960877129,-0.10297210082011478,-0.09576959203145827,195.9,-34.37521717103116,23.19358712172663,80.76239141448443,138.33119570724222
RandomForestClassifier_date_params,22,0.62081456040497,0.11173250372621889,0.2814265226191359,0.45112054151205294,-0.05796151516669814,0.6225285509341165,-0.08650136303114285,-0.11854941546922872,-0.11053740235970726,-0.10252538925018578,-0.09451337614066431,200.0,-43.701004310859695,17.22424676685523,78.14949784457015,139.07474892228507
RandomForestClassifier_date_params,23,0.6184467572819519,0.10411191544713995,0.2755568627254106,0.4470018100036812,-0.0673330318311307,0.6147557148145666,-0.08886916615416088,-0.11513720134130666,-0.10857019254452022,-0.10200318374773376,-0.09543617495094733,196.45,-37.27260686110139,21.15804485417396,79.5886965694493,138.01934828472463
RandomForestClassifier_date_params,24,0.6145603855155052,0.10406507677369234,0.27423017968762997,0.4443952826015675,-0.06610002614024527,0.606149758527213,-0.09275553792060759,-0.11146144839436982,-0.10678497077592926,-0.10210849315748871,-0.09743201553904815,191.7,-29.38272357090888,25.887957321818337,81.15863821454556,136.42931910727276
RandomForestClassifier_date_params,25,0.6209234018505686,0.10128823240246257,0.27449995555183127,0.4477116787011999,-0.0719234907469061,0.6156239872348199,-0.08639252158554427,-0.11422675851439394,-0.10726819928218152,-0.1003096400499691,-0.09335108081775668,204.0,-30.474032661705056,28.144475503721207,86.76298366914747,145.38149183457372
RandomForestClassifier_date_params,26,0.6122710645432037,0.11128422108881483,0.27827983557361113,0.4452754500584074,-0.05571139339598144,0.6098041983653268,-0.09504485889290924,-0.11376025125766678,-0.10908140316647741,-0.104402555075288,-0.09972370698409863,186.4,-32.48657842521705,22.235066181087216,76.95671078739147,131.67835539369574
RandomForestClassifier_date_params,27,0.6032904135695538,0.10572220783829103,0.2715782764153786,0.43743434499246625,-0.06013386073879656,0.5967383489963695,-0.10402550986655901,-0.11316033372326051,-0.11087662775908513,-0.10859292179490976,-0.10630921583073438,170.7,-38.496897421884675,13.802326933586492,66.10155128905765,118.4007756445288
RandomForestClassifier_date_params,28,0.5944978853212494,0.1051185789105534,0.2682450143807854,0.4313714498510174,-0.05800785655967859,0.5853248516522087,-0.11281803811486343,-0.11154721750376892,-0.11186492265654255,-0.11218262780931618,-0.1125003329620898,156.85,-32.89212165042971,14.54340876217772,61.97893917478514,109.41446958739256
RandomForestClassifier_date_params,29,0.593735419209459,0.09977179141529004,0.26442633401334636,0.4290808766114027,-0.0648827511827663,0.5814894487893031,-0.1135805042266537,-0.11064718855924954,-0.11138051747610059,-0.11211384639295162,-0.11284717530980266,161.0,-34.40607181556444,14.445446138326673,63.29696409221778,112.1484820461089
RandomForestClassifier_date_params,30,0.6066118446896818,0.10735768906554094,0.27377574094025453,0.4401937928149682,-0.05906036280917268,0.5988838669968437,-0.10070407874643099,-0.10922551805729865,-0.10709515822958174,-0.10496479840186482,-0.1028344385741479,177.45,-22.33140538942112,27.613945957934156,77.55929730528943,127.5046486526447
RandomForestClassifier_date_params,31,0.6076522732097891,0.10271301299588259,0.27102609973385144,0.43933918647182024,-0.06560007374208623,0.5972381800684187,-0.09966365022632372,-0.11375752464471738,-0.11023405604011896,-0.10671058743552055,-0.10318711883092213,174.2,-30.261086122829983,20.85418540787751,71.969456938585,123.08472846929249
RandomForestClassifier_date_params,32,0.6228640758779652,0.10875465828957148,0.2801244641523694,0.45149427001516734,-0.06261514757322642,0.619189024851894,-0.08445184755814752,-0.11779000172947292,-0.10945546318664157,-0.10112092464381023,-0.09278638610097888,207.5,-34.30014577228499,26.149890670786256,86.5999271138575,147.04996355692876
RandomForestClassifier_date_params,33,0.6150101863792488,0.10827251072644792,0.2771850692773815,0.44609762782831514,-0.06064004782448569,0.6123389204937464,-0.09230573705686398,-0.11400410999003895,-0.10857951675674521,-0.10315492352345146,-0.09773033029015774,194.6,-33.685473295043835,23.385895028717123,80.45726335247808,137.52863167623903
RandomForestClassifier_date_params,34,0.6138298464997318,0.10733573195602039,0.27616710347059087,0.4449984749851613,-0.06149563955855009,0.608829370655286,-0.09348607693638095,-0.11288652607158509,-0.10803641378778404,-0.10318630150398302,-0.09833618922018197,193.55,-31.946526502196694,24.427605123352482,80.80173674890166,137.17586837445086
RandomForestClassifier_date_params,35,0.6205922255681866,0.10374954011889642,0.27603043526865984,0.4483113304184232,-0.06853135503086698,0.6205460580872876,-0.08672369786792615,-0.11499957801455943,-0.10793060797790112,-0.10086163794124278,-0.09379266790458446,207.05,-37.67732150187371,23.504508873594716,84.68633924906315,145.8681696245316
RandomForestClassifier_date_params,36,0.6154916785486926,0.10730015061656081,0.2766973265939381,0.44609450257131533,-0.06209702536081645,0.6109159802393325,-0.0918242448874201,-0.11581271243336022,-0.10981559554687519,-0.10381847866039015,-0.09782136177390513,197.4,-36.941996577216976,21.643502567087268,80.22900171139152,138.81450085569577
RandomForestClassifier_date_params,37,0.6147820926023103,0.10055583415735303,0.2719645869723388,0.44337333978732457,-0.07085291865763273,0.6068111645589612,-0.0925338308338026,-0.11753902019633264,-0.11128772285570013,-0.10503642551506762,-0.0987851281744351,192.25,-33.08511750016917,23.24866187487312,79.58244124991542,135.9162206249577
RandomForestClassifier_date_params,38,0.6117682596904616,0.10488508688542028,0.2738461444871007,0.4428072020887811,-0.06407597071626014,0.6032626315091578,-0.09554766374565113,-0.10598914472374199,-0.10337877447921928,-0.10076840423469656,-0.09815803399017384,191.55,-31.16127404327365,24.516544467544765,80.19436297836319,135.8721814891816
RandomForestClassifier_date_params,39,0.605411094768826,0.10610553458087865,0.27254072131019447,0.43897590803951025,-0.06032965214843714,0.5971298484799167,-0.10190482866728678,-0.10860694708088252,-0.10693141747748358,-0.10525588787408466,-0.10358035827068572,173.6,-18.458361550016054,29.556228837487957,77.57081922499196,125.58540961249598
RandomForestClassifier_date_params,40,0.6104718071027738,0.10765055603807863,0.27525763972631034,0.4428647234145421,-0.05995652765015309,0.6072844085136089,-0.09684411633333892,-0.11365938637440509,-0.10945556886413854,-0.105251751353872,-0.10104793384360547,183.2,-29.962198406214007,23.328351195339494,76.61890079689299,129.90945039844647
RandomForestClassifier_date_params,41,0.6150944701290928,0.10589313216470626,0.27562691148616847,0.44536069080763063,-0.06384064715675591,0.6109868572517724,-0.09222145330702,-0.11545864058518049,-0.10964934376564037,-0.10384004694610025,-0.09803075012656012,190.85,-34.440004194089305,21.882496854433022,78.20499790295534,134.52749895147767
RandomForestClassifier_date_params,42,0.6273465124771106,0.10843662911386526,0.281406590234947,0.4543765513560288,-0.06453333200721653,0.6226329839639982,-0.0799694109590022,-0.11643183614972158,-0.10731622985204173,-0.09820062355436189,-0.08908501725668205,220.05,-31.538732800584533,31.358450399561605,94.25563359970774,157.1528167998539
RandomForestClassifier_date_params,43,0.5945993323708954,0.10229661725266687,0.26639752229207636,0.43049842733148586,-0.06180428778674262,0.5866393215951584,-0.11271659106521748,-0.11580965728384503,-0.11503639072918814,-0.11426312417453124,-0.11348985761987436,157.0,-38.34637459323168,10.490219055076238,59.326812703384164,108.16340635169207
RandomForestClassifier_date_params,44,0.6031700648239858,0.10518354955009535,0.2711790546413922,0.43717455973268904,-0.06081195554120147,0.5966454351087518,-0.10414585861212704,-0.10874645339823906,-0.10759630470171105,-0.10644615600518305,-0.10529600730865504,169.4,-25.526456863419178,23.20515735243562,71.93677156829041,120.66838578414522
RandomForestClassifier_date_params,45,0.6197242242556802,0.11067025607720979,0.28035491213669994,0.45003956819619007,-0.059014399982280336,0.6183526911904398,-0.08759169918043255,-0.11715209380377621,-0.1097619951479403,-0.10237189649210438,-0.09498179783626848,202.4,-33.56320736891647,25.427594473312645,84.41839631554177,143.4091981577709
RandomForestClassifier_date_params,46,0.6152814693352149,0.10526974211222541,0.2752736511865552,0.44527756026088505,-0.06473416696210442,0.6067714338895295,-0.09203445410089792,-0.10942665388209735,-0.1050786039367975,-0.10073055399149763,-0.09638250404619778,195.45,-24.12864825610143,30.766013807923922,85.66067587194928,140.55533793597462
RandomForestClassifier_date_params,47,0.61123057621013,0.10875704184481634,0.27624821996658755,0.44373939808835877,-0.05873413627695488,0.6049866001381501,-0.09608534722598287,-0.11191143994594067,-0.10795491676595123,-0.10399839358596177,-0.10004187040597232,192.7,-32.13184643862776,24.076115171029176,80.28407678068612,136.49203839034303
RandomForestClassifier_date_params,48,0.6172398553536396,0.10345897507515943,0.27471926850131945,0.4459795619274795,-0.06780131835100062,0.6120672573295025,-0.09007606808247319,-0.11374836795013811,-0.10783029298322189,-0.10191221801630565,-0.09599414304938941,198.4,-20.624688549837007,34.13148358762224,88.8876557250815,143.64382786254075
RandomForestClassifier_date_params,49,0.6175635758573798,0.10725555875303984,0.27735823112115315,0.4474609034892665,-0.06284711361507346,0.6144189699691842,-0.0897523475787331,-0.1142503310128762,-0.10812583515434043,-0.10200133929580465,-0.09587684343726888,199.15,-33.11516101257684,24.95112924056737,83.01741949371159,141.0837097468558
SVC_date_params,0,0.3791597172013433,0.042416070457044985,0.1546639527051444,0.2669118349532439,-0.06983181179105445,0.37167588000526947,-0.3281562062347695,-0.11178541746528615,-0.165878114657657,-0.21997081185002781,-0.2740635090423987,15.95,-9.911973679455683,-3.4464802595917616,3.0190131602721584,9.484506580136078
SVC_date_params,1,0.39781486245836234,0.025743347771737854,0.14976718600061267,0.2737910242294875,-0.09828049045713698,0.3682593396629018,-0.3095010609777504,-0.13767739957724678,-0.18063331492737267,-0.22358923027749858,-0.26654514562762444,37.5,-35.70792006762023,-17.405940050715174,0.8960399661898855,19.198019983094945
SVC_date_params,3,0.4058614787822042,0.04450126787593034,0.16495467151135496,0.28540807514677957,-0.07595213575949428,0.40092911186500146,-0.30145444465390864,-0.13718530653378708,-0.17825259106381747,-0.21931987559384786,-0.26038716012387825,28.55,-25.82252462052806,-12.229393465396047,1.36373768973597,14.956868844867987
SVC_date_params,6,0.3697628118903161,0.01598323700991766,0.1339097619700505,0.25183628693018334,-0.10194328795021515,0.3319753520999489,-0.3375531115457967,-0.1213120498539578,-0.17537231527691752,-0.22943258069987726,-0.28349284612283693,22.5,-27.501515109777742,-15.001136332333306,-2.500757554888871,9.999621222555565
SVC_date_params,7,0.4201569820549128,0.030249462935113797,0.1602186359750468,0.29018780901497976,-0.09971971010481921,0.4206954899458102,-0.28715894138119996,-0.16839824035507797,-0.19808841561160845,-0.22777859086813895,-0.25746876612466946,48.9,-59.180890309100434,-32.16066773182532,-5.140445154550218,21.87977742272489
SVC_date_params,8,0.4074212424866367,0.02444028134860149,0.15210060172794654,0.2797609221072916,-0.10322003903074359,0.3733925186775196,-0.29989468094947613,-0.12972617729245087,-0.1722683032067072,-0.2148104291209635,-0.2573525550352198,42.3,-38.0527411773595,-17.964555883019624,2.1236294113202483,22.211814705660125
SVC_date_params,9,0.39303753238804934,0.03906783507428531,0.1570577341788733,0.2750476332834613,-0.0789220640303027,0.3789907371311608,-0.3142783910480635,-0.12895024371031033,-0.17528228054474862,-0.2216143173791869,-0.26794635421362517,29.35,-25.694843840739722,-11.933632880554791,1.8275780796301397,15.588789039815072
SVC_date_params,10,0.3649782164018918,0.027784851270289387,0.1401826396474902,0.25258042802469105,-0.08461293710691142,0.3492178927325968,-0.34233770703422095,-0.12617098834495605,-0.18021266801727226,-0.2342543476895885,-0.2882960273619047,20.1,-27.257822526549862,-15.418366894912397,-3.5789112632749305,8.260544368362535
SVC_date_params,11,0.36601578039962485,0.014101651701766985,0.1314063612677196,0.24871107083367222,-0.10320305786418564,0.35546809955499636,-0.34130014303648787,-0.11837866083237027,-0.17410903138339967,-0.22983940193442906,-0.28556977248545845,21.65,-22.857104414650212,-11.73032831098766,-0.603552207325107,10.523223896337445
SVC_date_params,12,0.3578001446279743,0.038463006842722705,0.1449087194378066,0.25135443203289043,-0.06798270575236116,0.3352506317829013,-0.3495157788081384,-0.12447233359457668,-0.18073319489796713,-0.23699405620135755,-0.29325491750474797,17.3,-24.777005468780928,-14.257754101585697,-3.7385027343904635,6.7807486328047695
SVC_date_params,13,0.4412572674514772,0.02694628291799442,0.16504994442915535,0.30315360594031626,-0.1111573785931665,0.43739256188774384,-0.26605865598463563,-0.19274870745896241,-0.2110761945903807,-0.22940368172179904,-0.24773116885321733,62.4,-80.97523626942306,-45.13142720206729,-9.287618134711533,26.55619093264423
SVC_date_params,16,0.4274757250546843,0.04050297575920138,0.169493892191029,0.29848480862285665,-0.08848794067262625,0.4016021817071627,-0.2798401983814285,-0.12385027612517738,-0.16284775668924015,-0.20184523725330294,-0.24084271781736571,47.95,-34.722271111076694,-14.05420333330752,6.613864444461655,27.281932222230832
SVC_date_params,18,0.36487876224186955,0.02043295830952535,0.13524822628697342,0.2500634942644214,-0.09438230966792271,0.37346913692340716,-0.34243716119424333,-0.11918695152798445,-0.17499950394454916,-0.2308120563611139,-0.2866246087776786,20.3,-26.328269555323565,-14.671202166492673,-3.0141347776617824,8.64293261116911
SVC_date_params,24,0.3974600286104858,0.026563376276233508,0.1501955937209843,0.27382781116573507,-0.09706884116851724,0.3726901178908797,-0.30985589482562703,-0.1290433937231732,-0.17424651899878665,-0.2194496442744001,-0.2646527695500136,36.75,-31.258110058742268,-14.256082544056703,2.745944970628866,19.747972485314435
SVC_date_params,25,0.4107961393387304,0.040984293617556816,0.164254908857948,0.2875255240983392,-0.08228632162283438,0.3977173092908576,-0.2965197840973824,-0.10838541642224601,-0.15541900834103012,-0.2024526002598142,-0.2494861921785983,32.55,-24.23776896590205,-10.040826724426537,4.156115517048974,18.353057758524486
SVC_date_params,28,0.4118370549038687,0.058205435398591576,0.1760826419003506,0.29395984840210965,-0.05967177110316746,0.4073042646817308,-0.29547886853224403,-0.13365511788130344,-0.17411105554403858,-0.21456699320677375,-0.2550229308695089,30.65,-22.861965017129307,-9.483973762846981,3.8940174914353456,17.27200874571767
SVC_date_params,29,0.3995584201295529,0.035933035495148494,0.15714149703994995,0.2783499585847515,-0.08527542604965298,0.38788892785660717,-0.30775750330655993,-0.1310595109937949,-0.17523400907198616,-0.2194085071501774,-0.2635830052283687,31.35,-32.28264927858996,-16.37448695894247,-0.466324639294978,15.441837680352513
SVC_date_params,31,0.3717809524281142,0.03545741288475905,0.14756525939921078,0.2596731059136625,-0.07665043362969266,0.37679315499123406,-0.33553497100799856,-0.1167238911607539,-0.17142666112256508,-0.22612943108437622,-0.28083220104618745,17.9,-13.539653696539741,-5.679740272404805,2.180173151730129,10.040086575865065
SVC_date_params,32,0.3967384084679479,0.041217760373065654,0.15972464307135972,0.2782315257696538,-0.07728912232522843,0.3741855933667163,-0.3105775149681648,-0.13270824353848143,-0.1771755613959023,-0.22164287925332313,-0.26611019711074396,32.05,-30.915161688437315,-15.173871266327989,0.5674191557813408,16.308709577890667
SVC_date_params,34,0.38725422487293504,0.03789494544371705,0.15434803858678972,0.2708011317298624,-0.07855814769935561,0.35354689871361195,-0.3200616985631778,-0.12606555858138369,-0.1745645935768322,-0.22306362857228074,-0.2715626635677293,29.05,-31.49201838914461,-16.356513791858458,-1.2210091945723054,13.914495402713849
SVC_date_params,35,0.3917761786435513,0.03650826052376033,0.154930899897024,0.27335353927028766,-0.08191437884950332,0.36236421532398994,-0.3155397447925614,-0.11191694888904967,-0.16282264786492762,-0.21372834684080555,-0.2646340458166835,30.0,-42.89522117905443,-24.671415884290823,-6.4476105895272156,11.776194705236392
SVC_date_params,36,0.38931175306697596,0.010216639924133714,0.13658167763841444,0.2629467153526952,-0.11614839779014705,0.3479797490015562,-0.31800417036913686,-0.1328073226464413,-0.17910653457711517,-0.22540574650778908,-0.271704958438463,34.55,-36.041989401252536,-18.393992050939403,-0.7459947006262695,16.902002649686864
SVC_date_params,43,0.4318779538186338,0.044385797085391435,0.17354984932980555,0.3027139015742197,-0.0847782551590227,0.42286835577867954,-0.2754379696174789,-0.13709969174781822,-0.1716842612152334,-0.20626883068264856,-0.24085340015006373,44.35,-32.94781226930452,-13.62335920197839,5.70109386534774,25.025546932673873
SVC_date_params,44,0.3945047570245705,0.049381772978884575,0.16442276766077987,0.27946376234267517,-0.06565922170301074,0.39873125091873846,-0.3128111664115424,-0.11474769544912365,-0.16426356318972835,-0.21377943093033303,-0.2632952986709377,21.85,-11.963021729015162,-3.509766296761372,4.9434891354924195,13.396744567746213
SVC_date_params,45,0.37565003565787264,0.020547099209703865,0.1389147446924268,0.2572823901751497,-0.09782054627301906,0.3553194167250758,-0.33166588777824013,-0.11416822960404406,-0.16854264414759307,-0.2229170586911421,-0.2772914732346911,26.85,-32.60627921803475,-17.742209413526062,-2.8781396090173743,11.985930195491315
SVC_date_params,48,0.3843937097096191,0.033178448492569595,0.1502502022315861,0.2673219559706026,-0.0838933052464469,0.3517063969221622,-0.3229222137264937,-0.13007624282701738,-0.17828773555188648,-0.22649922827675556,-0.27471072100162464,29.45,-31.797492913051425,-16.485619684788567,-1.1737464565257127,14.138126771737141
XGBClassifier_date_params,0,0.5665524403089098,0.09621772777813692,0.2529959652883946,0.4097742027986522,-0.06056050973212073,0.5452228593435285,-0.14076348312720294,-0.10234263418362735,-0.11194784641952125,-0.12155305865541514,-0.13115827089130905,133.3,-60.06857192686815,-11.726428945151113,36.61571403656593,84.95785701828297
XGBClassifier_date_params,1,0.6197067931990652,0.10088438344264185,0.27382518669478295,0.44676598994692407,-0.07205641980949927,0.6038215556697821,-0.08760913023704749,-0.10889569786374317,-0.10357405595706924,-0.09825241405039534,-0.09293077214372142,206.9,-38.14431660010294,23.116762549922797,84.37784169994853,145.63892084997428
XGBClassifier_date_params,2,0.5641912807968634,0.08995175762999555,0.24803159868561817,0.4061114397412408,-0.06812808342562708,0.5434533493932697,-0.14312464263924943,-0.10388189348745011,-0.11369258077539993,-0.12350326806334977,-0.1333139553512996,129.3,-37.783153212333495,3.987635090749883,45.758423393833255,87.52921169691663
XGBClassifier_date_params,3,0.5215377508206511,0.09236753060498774,0.23542427067687555,0.37848101074876334,-0.050689209466900045,0.5026561713018237,-0.18577817261546165,-0.0963935340893838,-0.11873969372090326,-0.1410858533524227,-0.16343201298394217,89.2,-31.48121132781689,-1.310908495862666,28.859394336091555,59.029697168045786
XGBClassifier_date_params,4,0.5611880292030226,0.0995164554670622,0.25340698004571566,0.4072975046243691,-0.054374069111591254,0.5475709930642987,-0.1461278942330902,-0.11549123119076989,-0.12315039695134997,-0.13080956271193003,-0.13846872847251013,128.1,-55.484632507068525,-9.588474380301399,36.307683746465734,82.20384187323286
XGBClassifier_date_params,5,0.6304474818077211,0.11340801005359011,0.28575450063830043,0.45810099122301084,-0.058938480531120226,0.6257160003465532,-0.07686844162839172,-0.10968943318683419,-0.10148418529722357,-0.09327893740761295,-0.08507368951800234,223.4,-26.895683255455285,35.67823755840854,98.25215837227236,160.82607918613618
XGBClassifier_date_params,6,0.6162938841053794,0.10096141598034442,0.2727389053553561,0.4445163947303678,-0.07081607339466726,0.5936700095913514,-0.0910220393307334,-0.10792796365758457,-0.10370148257587178,-0.09947500149415898,-0.09524852041244619,197.05,-46.820253214940124,14.14731008879491,75.11487339252994,136.082436696265
XGBClassifier_date_params,7,0.5327790907083945,0.08529441698036613,0.2344559748897089,0.3836175327990517,-0.06386714092897665,0.5114392075017161,-0.1745368327277183,-0.11256134115008601,-0.1280552140444941,-0.14354908693890217,-0.1590429598333102,101.1,-51.345128515003466,-13.233846386252601,24.877435742498264,62.98871787124912
XGBClassifier_date_params,8,0.5979981632908367,0.09370639942997397,0.2618036540502615,0.4299009086705491,-0.07439085519031359,0.576509407734884,-0.10931776014527603,-0.10239498899178107,-0.1041256817801548,-0.10585637456852855,-0.10758706735690228,176.3,-38.548814652478114,15.163389010641417,68.87559267376095,122.5877963368805
XGBClassifier_date_params,9,0.6321201061532038,0.11513549834027142,0.28746370094458223,0.459791903548893,-0.05719270426403936,0.6221048132563743,-0.07519581728290883,-0.11122223270316609,-0.10221562884810176,-0.09320902499303746,-0.08420242113797315,222.0,-30.088757590391356,32.93343180720648,95.95562120480432,158.97781060240217
XGBClassifier_date_params,10,0.609687060931311,0.0999836140701404,0.26988476302386394,0.43978591197758743,-0.06991753488358311,0.6016678795833846,-0.09762886250480181,-0.10572851804190349,-0.10370360415762807,-0.10167869027335265,-0.09965377638907723,182.6,-42.23795028696876,13.971537284773426,70.18102485651562,126.3905124282578
XGBClassifier_date_params,11,0.5834212896813732,0.09321625917364117,0.25661793600955185,0.4200196128454625,-0.0701854176622695,0.567554796338723,-0.12389463375473966,-0.11278736667467781,-0.11556418344469327,-0.11834100021470874,-0.12111781698472421,148.45,-41.005724532611836,6.35820660054112,53.722137733694076,101.08606886684703
XGBClassifier_date_params,12,0.6317045562802795,0.10186281789671128,0.278476730691234,0.4550906434857568,-0.07475109489781147,0.6188068995913147,-0.07561136715583325,-0.11275238571089605,-0.10346713107213035,-0.09418187643336465,-0.08489662179459895,214.85,-32.2059777060098,29.558016720492652,91.3220111469951,153.08600557349754
XGBClassifier_date_params,14,0.5630750724553487,0.08970608044902369,0.24749574445113204,0.40528540845324035,-0.06808358355308465,0.5446886715310313,-0.14424085098076408,-0.10747033372645404,-0.11666296304003154,-0.12585559235360905,-0.13504822166718655,125.9,-48.49329850608226,-4.894973879561697,38.703350746958876,82.30167537347944
XGBClassifier_date_params,15,0.6125409756396474,0.11094340920134643,0.2781425980141134,0.4453417868268804,-0.05625577961142054,0.6077310687072159,-0.09477494779646548,-0.11433258201614624,-0.10944317346122603,-0.10455376490630586,-0.09966435635138568,186.0,-37.58841429069453,18.308689281979103,74.20579285465274,130.10289642732636
XGBClassifier_date_params,16,0.6223277049485911,0.09357043358675671,0.26982285737403483,0.446075281161313,-0.08268199020052143,0.602508823254099,-0.08498821848752175,-0.11572268178133453,-0.10803906595788133,-0.10035545013442815,-0.09267183431097495,214.45,-44.37244515337068,20.33316613497199,85.03877742331466,149.7443887116573
XGBClassifier_date_params,17,0.5480449060710872,0.09410641957484032,0.24541924840692264,0.39673207723900494,-0.05720640925724198,0.5265957369361287,-0.15927101736502558,-0.09489227961636817,-0.11098696405353253,-0.12708164849069686,-0.14317633292786122,112.6,-38.82782507429433,-0.9708688057207482,36.88608746285283,74.74304373142641
XGBClassifier_date_params,18,0.6237337406607546,0.0957824549227373,0.27176621683540975,0.44774997874808214,-0.08020130698993512,0.6021493903038657,-0.0835821827753582,-0.11151669315592241,-0.10453306556078137,-0.0975494379656403,-0.09056581037049924,211.4,-52.795622714177526,13.253282964366853,79.30218864291123,145.35109432145563
XGBClassifier_date_params,19,0.6226710183985442,0.09508244048261615,0.2709452997879255,0.44680815909323485,-0.08078041882269321,0.6099621818704498,-0.08464490503756847,-0.10719495114172219,-0.10155743961568375,-0.09591992808964533,-0.09028241656360689,202.45,-45.99181690499107,16.1186373212567,78.22909154750445,140.3395457737522
XGBClassifier_date_params,20,0.5486014924634135,0.07852006230290269,0.23521387235640628,0.3919076824099099,-0.07817374775060092,0.5237561088933298,-0.15871443097269927,-0.10729048486761304,-0.1201464713938846,-0.13300245792015616,-0.1458584444464277,120.0,-32.12129788439094,5.909026586706794,43.93935105780453,81.96967552890226
XGBClassifier_date_params,22,0.5972794972546804,0.09772342777506293,0.2642421176016021,0.43076080742814127,-0.06879526205147624,0.5814502691648648,-0.11003642618143235,-0.10532102168965418,-0.10649987281259872,-0.10767872393554326,-0.10885757505848781,168.3,-30.324357646398163,19.331731765201383,68.98782117680092,118.64391058840047
XGBClassifier_date_params,24,0.5998300437291293,0.10404747051533585,0.269308328253267,0.43456918599119815,-0.061213387222595304,0.5864189312436972,-0.10748587970698349,-0.10565262040923369,-0.10611093523367114,-0.10656925005810859,-0.10702756488254604,172.4,-37.17286943756457,15.220347921826573,67.61356528121772,120.00678264060886
XGBClassifier_date_params,25,0.5194022492608819,0.09361769596546995,0.23554588039727392,0.37747406482907786,-0.04831048846633402,0.5034328986115024,-0.18791367417523092,-0.1045279232383945,-0.1253743609726036,-0.1462207987068127,-0.16706723644102178,92.2,-31.52001128031383,-0.5900084602353708,30.339994359843086,61.269997179921546
XGBClassifier_date_params,26,0.6232688171091929,0.10230149045091279,0.2759572660036728,0.4496130415564329,-0.07135428510184726,0.6207593188244611,-0.08404710632691981,-0.11133167699069169,-0.10451053432474872,-0.09768939165880575,-0.09086824899286278,207.9,-32.61373262224911,27.514700533313167,87.64313368887545,147.77156684443773
XGBClassifier_date_params,27,0.47299378388622254,0.07441197203821642,0.2072725759875518,0.34013317993688713,-0.058448631911118945,0.44769592897264887,-0.23432213954989028,-0.0975355602550223,-0.13173220507873928,-0.1659288499024563,-0.2001254947261733,58.0,-28.1701181317288,-6.627588598796599,14.9149409341356,36.4574704670678
XGBClassifier_date_params,28,0.6043422816484499,0.10052858055010382,0.26846648091621916,0.4364043812823346,-0.06740931981601156,0.6069607673176008,-0.10297364178766286,-0.1163227998072085,-0.1129855103023221,-0.10964822079743568,-0.10631093129254926,173.4,-46.263016186438456,8.652737860171158,63.56849190678078,118.4842459533904
XGBClassifier_date_params,29,0.5285811476125714,0.08077386949434433,0.23004296220042,0.37931205490649567,-0.06849522321173135,0.5018839194106434,-0.17873477582354144,-0.10894191491179604,-0.12639013013973238,-0.14383834536766874,-0.1612865605956051,103.85,-56.02581250340477,-16.05685937755358,23.91209374829761,63.881046874148794
XGBClassifier_date_params,30,0.5990310767525784,0.09025087150983037,0.25984427325741305,0.4294376750049957,-0.0793425302377523,0.57825427325191,-0.10828484668353437,-0.1125266761523786,-0.11146621878516755,-0.1104057614179565,-0.10934530405074543,168.9,-42.89379649527164,10.054652628546272,63.00310175236419,115.9515508761821
XGBClassifier_date_params,31,0.6045420669323944,0.09647386389733112,0.2658299315756856,0.43518599925404,-0.07288220378102331,0.5842109205541338,-0.10277385650371831,-0.1013971629834949,-0.10174133636355076,-0.10208550974360661,-0.10242968312366246,175.1,-52.28012156748596,4.564908824385526,61.409939216257015,118.2549696081285
XGBClassifier_date_params,32,0.6386297270251998,0.11804742837733874,0.29157486125995913,0.4651022941425794,-0.05548000450528162,0.6259648385170559,-0.06868619641091288,-0.11182779464981066,-0.10104239509008622,-0.09025699553036176,-0.07947159597063733,231.6,-30.59847490752875,34.95114381935343,100.50076254623562,166.0503812731178
XGBClassifier_date_params,33,0.619733679963457,0.10567293694106314,0.27702651794852773,0.44838009895599235,-0.06568064406640148,0.6107459014219139,-0.08758224347265595,-0.11400782543495981,-0.10740142994438384,-0.10079503445380789,-0.0941886389632319,196.8,-37.711772403027915,20.916170697729065,79.54411379848605,138.17205689924305
XGBClassifier_date_params,34,0.5850353683187752,0.08684051770546157,0.25290546790989943,0.41897041811433733,-0.07922443249897632,0.5808829361129166,-0.1222805551173376,-0.10695939352983347,-0.1107896839267095,-0.11461997432358553,-0.11845026472046156,149.4,-46.02945916596361,2.8279056255272934,51.6852704170182,100.54263520850911
XGBClassifier_date_params,35,0.634110600299647,0.10980666743508914,0.28457464505660846,0.45934262267812775,-0.06496131018643016,0.6270095319448574,-0.07320532313646565,-0.11232837054305196,-0.10254760869140539,-0.0927668468397588,-0.08298608498811222,228.75,-22.55271602268782,40.27296298298413,103.09864198865608,165.92432099432804
XGBClassifier_date_params,36,0.6149982452365501,0.11226745829981599,0.27984438727872735,0.44742131625763876,-0.05530947067909539,0.6045437088277247,-0.09231767819956267,-0.10858286016556268,-0.10451656467406267,-0.10045026918256267,-0.09638397369106268,191.0,-34.76907949441413,21.673190379189403,78.11546025279293,134.55773012639648
XGBClassifier_date_params,38,0.5958492817336154,0.09298189411089912,0.26060435665180454,0.42822681919271,-0.07464056843000631,0.5716626322822849,-0.11146664170249743,-0.1086378458251041,-0.10934504479445244,-0.11005224376380077,-0.1107594427331491,165.8,-48.615955314187865,4.988033514359103,58.59202234290608,112.19601117145304
XGBClassifier_date_params,39,0.5480030785205815,0.08725985986500175,0.240840932750195,0.3944220056353882,-0.0663212130201915,0.5249130576706651,-0.1593128449155313,-0.10595662432187414,-0.11929567947028843,-0.13263473461870273,-0.145973789767117,113.6,-33.843430348854675,3.017427238358991,39.87828482557266,76.73914241278632
XGBClassifier_date_params,40,0.6306677988194037,0.10445503329776268,0.27985928847164304,0.45526354364552335,-0.07094922187611766,0.6237298998475802,-0.07664812461670908,-0.11537375376096877,-0.10569234647490386,-0.09601093918883893,-0.08632953190277401,222.45,-25.630331423703613,36.38975143222228,98.40983428814819,160.42991714407407
XGBClassifier_date_params,41,0.6340616061103679,0.10778488285193033,0.28321045727140953,0.4586360316908887,-0.06764069156754884,0.6244469537812488,-0.0732543173257448,-0.11787982947740554,-0.10672345143949036,-0.09556707340157516,-0.08441069536365998,223.7,-30.30969775134318,33.19272668649261,96.6951511243284,160.1975755621642
XGBClassifier_date_params,43,0.6198140556228484,0.09961146542025465,0.27301232882111925,0.44641319222198383,-0.07378939798060993,0.6095270577616785,-0.08750186781326437,-0.1062455149337742,-0.10155960315364673,-0.09687369137351928,-0.09218777959339183,199.45,-32.30277765834456,25.635416756241575,83.57361117082772,141.51180558541384
XGBClassifier_date_params,44,0.5344763749622523,0.08002947948998783,0.23151177798074266,0.38299407647149747,-0.071452819000767,0.5155484290875553,-0.17283954847386043,-0.11230956137147613,-0.1274420581470722,-0.1425745549226683,-0.15770705169826438,100.3,-44.5466048088965,-8.334953606672375,27.87669759555175,64.08834879777586
XGBClassifier_date_params,45,0.6196434329460262,0.09796235631888156,0.2718560485279298,0.44574974073697804,-0.07593133589016665,0.6052859585275224,-0.08767249049008663,-0.10855063509932601,-0.10333109894701617,-0.09811156279470631,-0.09289202664239647,200.5,-42.36416200306837,18.35187849769872,79.06791899846581,139.7839594992329
XGBClassifier_date_params,47,0.6176836496638989,0.10468655654542172,0.2756855875849141,0.4466846186244065,-0.06631247449407067,0.6103505483787043,-0.08963227377221386,-0.11022567083050656,-0.10507732156593338,-0.09992897230136022,-0.09478062303678704,194.65,-46.97165220759337,13.43376084430497,73.83917389620332,134.24458694810167
XGBClassifier_date_params,48,0.6104455997813105,0.10685314565238563,0.2747172970286939,0.44258144840500224,-0.06101100572392268,0.5987578947339492,-0.09687032365480228,-0.1061283193822182,-0.10381382045036422,-0.10149932151851024,-0.09918482258665626,178.15,-34.668309255956906,18.53626805803232,71.74084537202155,124.94542268601079
XGBClassifier_date_params,49,0.6123057208104984,0.09594191642457377,0.2680631845532153,0.4401844526818568,-0.07617935170406777,0.6047149942075353,-0.09501020262561435,-0.117320880573612,-0.11174321108661259,-0.10616554159961317,-0.10058787211261377,188.75,-52.68420066775238,7.674349499185716,68.03289966612381,128.3914498330619
lgb_LGBMClassifier_date_params,0,0.6074226115074319,0.09574785943268933,0.2663061101242702,0.43686436081585106,-0.07481039125889154,0.6064202708318953,-0.09989331192868085,-0.11519594712590538,-0.11137028832659925,-0.10754462952729311,-0.10371897072798698,189.9,-40.64603301676561,16.990475237425798,74.6269834916172,132.2634917458086
lgb_LGBMClassifier_date_params,1,0.5937689194952982,0.0885677097762094,0.25696811301590566,0.4253685162556019,-0.07983269346348687,0.5888248076112459,-0.11354700394081466,-0.11328946358506171,-0.11335384867399995,-0.11341823376293819,-0.11348261885187642,174.3,-54.12341863227456,2.9824360257940867,60.08829068386272,117.19414534193139
lgb_LGBMClassifier_date_params,2,0.6353604296827484,0.11615094602636244,0.28922077391182444,0.4622906017972864,-0.056918881859099546,0.6267978686971132,-0.07195549375336432,-0.11103869055606141,-0.10126789135538714,-0.09149709215471287,-0.0817262929540386,230.9,-26.53069501120877,37.82697874159342,102.18465249439562,166.54232624719782
lgb_LGBMClassifier_date_params,3,0.6278874902069751,0.10383652994360505,0.2785201833647284,0.45320383678585174,-0.0708471234775183,0.6200935685549805,-0.07942843322913759,-0.10792913668457182,-0.10080396082071327,-0.09367878495685471,-0.08655360909299614,215.3,-35.169589136070385,27.447808147947214,90.06520543196481,152.68260271598243
lgb_LGBMClassifier_date_params,4,0.6192475175923493,0.09845087625997835,0.27204975670410203,0.44564863714822567,-0.0751480041841453,0.6165047963482861,-0.08806840584376355,-0.11046623037569352,-0.10486677424271101,-0.09926731810972853,-0.09366786197674605,204.55,-39.48519413090881,21.523604401818396,82.5324029345456,143.54120146727283
lgb_LGBMClassifier_date_params,5,0.596066126094113,0.08990672493864585,0.2586265253238016,0.4273463257089573,-0.07881307544650987,0.5845339288984239,-0.11124979734199977,-0.10709168348626734,-0.10813121195020045,-0.10917074041413355,-0.11021026887806666,165.35,-40.344385538070156,11.079210846447381,62.50280723096492,113.92640361548246
lgb_LGBMClassifier_date_params,6,0.6219180399467236,0.10773136022981289,0.27912692013544976,0.45052248004108664,-0.063664199675824,0.615359363480258,-0.08539788348938926,-0.11271885003592233,-0.10588860839928907,-0.0990583667626558,-0.09222812512602252,205.65,-33.54768579533054,26.2517356535021,86.05115710233474,145.8505785511674
lgb_LGBMClassifier_date_params,7,0.629929092815117,0.10177751167039126,0.27782803871863315,0.4538785657668751,-0.07427301537785065,0.6216885451647898,-0.07738683062099579,-0.11213303547542264,-0.10344648426181592,-0.0947599330482092,-0.0860733818346025,218.25,-28.634914585752362,33.08631406068573,94.80754270712382,156.52877135356192
lgb_LGBMClassifier_date_params,8,0.6117917415526025,0.09833892509404649,0.26948986391356516,0.4406408027330838,-0.07281201372547219,0.6034197906413917,-0.09552418188351025,-0.11215710810994618,-0.1079988765533372,-0.10384064499672821,-0.09968241344011923,184.5,-41.620641246595156,14.909519065053633,71.43967937670243,127.96983968835121
lgb_LGBMClassifier_date_params,9,0.6289079752320889,0.10146747119353668,0.2772809725397207,0.45309447388590485,-0.07434603015264739,0.6225682529968339,-0.07840794820402398,-0.10927892588414718,-0.10156118146411638,-0.09384343704408558,-0.08612569262405478,216.65,-36.23078034550794,26.989414740869048,90.20960982724603,153.42980491362303
lgb_LGBMClassifier_date_params,10,0.6239613634967741,0.09879761519484638,0.27385219796215565,0.4489067807294649,-0.07625696757246286,0.6185036799722322,-0.08335455993933877,-0.11120599788164645,-0.10424313839606954,-0.09728027891049261,-0.0903174194249157,210.7,-36.50966386527758,25.292752101041813,87.0951680673612,148.89758403368057
lgb_LGBMClassifier_date_params,11,0.6132095705136298,0.10030903080822617,0.27127587737669406,0.4422427239451619,-0.0706578157602417,0.6041058264513468,-0.09410635292248298,-0.10804683257245161,-0.10456171265995945,-0.1010765927474673,-0.09759147283497514,183.3,-34.373924225590926,20.04455683080681,74.46303788720454,128.8815189436023
lgb_LGBMClassifier_date_params,12,0.6288727355686119,0.09523286934106119,0.2731128247502448,0.45099278015942834,-0.08264708606812238,0.6223999106736124,-0.0784431878675009,-0.11209504771180111,-0.10368208275072605,-0.095269117789651,-0.08685615282857595,211.15,-51.07839834781214,14.478701239140896,80.03580082609393,145.59290041304698
lgb_LGBMClassifier_date_params,13,0.6277927053468833,0.09744705242019189,0.274228936729089,0.4510108210379861,-0.07933483188870523,0.6173373555390288,-0.07952321808922956,-0.11343547349769828,-0.1049574096455811,-0.09647934579346393,-0.08800128194134674,213.6,-37.909834549303376,24.96762408802247,87.8450827253483,150.72254136267415
lgb_LGBMClassifier_date_params,14,0.6177546312080813,0.10078427020718192,0.2731077238741484,0.44543117754111483,-0.07153918345978452,0.6097951528265638,-0.08956129222803147,-0.11417078661541526,-0.10801841301856932,-0.10186603942172337,-0.09571366582487742,194.1,-41.57309493196558,17.345178801025817,76.2634525340172,135.1817262670086
lgb_LGBMClassifier_date_params,15,0.6027461648909558,0.08973317958725466,0.2607375080218217,0.43174183645638875,-0.08127114884731237,0.6035554782059271,-0.10456975854515697,-0.11492900690568579,-0.11233919481555359,-0.10974938272542138,-0.10715957063528918,183.15,-52.895100592272875,6.116174555795347,65.12744970386356,124.1387248519318
lgb_LGBMClassifier_date_params,18,0.621893674863542,0.10124409386056682,0.2747939541948919,0.4483438145292169,-0.07230576647375822,0.6167717008385007,-0.08542224857257083,-0.1118416707850893,-0.10523681523195969,-0.09863195967883007,-0.09202710412570045,206.65,-34.5109080984227,25.779318926182974,86.06954595078865,146.35977297539432
lgb_LGBMClassifier_date_params,19,0.6316987617883953,0.09730841726652562,0.27543853210714886,0.4535686469477721,-0.08082169757409763,0.6256149551633108,-0.0756171616477175,-0.11348205474046592,-0.10401583146727883,-0.09454960819409172,-0.08508338492090461,222.9,-38.43161314450499,26.901290141621256,92.2341934277475,157.56709671387375
lgb_LGBMClassifier_date_params,20,0.6270542244519399,0.10186830673152585,0.2769302793049972,0.4519922518784686,-0.07319366584194552,0.6183707165080516,-0.08026169898417293,-0.10972910975050547,-0.10236225705892232,-0.09499540436733919,-0.08762855167575606,210.65,-35.00162694631335,26.411279790264988,87.82418652684333,149.23709326342168
lgb_LGBMClassifier_date_params,22,0.6308143493805035,0.11276544053794013,0.2854484101521279,0.4581313797663157,-0.059917529076247665,0.6221106012893265,-0.07650157405560934,-0.11160202050179659,-0.10282690889024979,-0.09405179727870297,-0.08527668566715615,220.9,-34.59752720771947,29.2768545942104,93.15123639614026,157.02561819807013
lgb_LGBMClassifier_date_params,23,0.5911896238349905,0.08588703965476752,0.2543212343815085,0.42275542910824954,-0.08254715507197348,0.5878194233729379,-0.11612629960112224,-0.1149265935258321,-0.11522652004465463,-0.11552644656347716,-0.1158263730822997,172.55,-45.86601864852308,8.737986013607696,63.341990675738465,117.94599533786925
lgb_LGBMClassifier_date_params,24,0.6150175364692825,0.0986417630607413,0.27076702086358834,0.44289227866643543,-0.07348349474210576,0.6122125880461362,-0.09229838696683033,-0.11101759396704368,-0.10633779221699034,-0.101657990466937,-0.09697818871688367,196.2,-38.11619661567041,20.46285253824719,79.04190169216479,137.62095084608237
lgb_LGBMClassifier_date_params,25,0.6288194651510257,0.10469009622231787,0.27939988586522047,0.4541096755081231,-0.07001969342058476,0.6206311376999725,-0.07849645828508715,-0.11282283481049302,-0.10424124067914155,-0.09565964654779008,-0.08707805241643862,215.3,-25.534508241027694,34.674118819229236,94.88274587948615,155.0913729397431
lgb_LGBMClassifier_date_params,26,0.5865508506269282,0.08749502919532712,0.2538469696725275,0.4201989101497278,-0.07885691128187326,0.5793587708838097,-0.1207650728091845,-0.11350352343308055,-0.11531891077710654,-0.11713429812113252,-0.11894968546515852,152.5,-38.062083787178835,9.578437159615873,57.21895810641058,104.85947905320529
lgb_LGBMClassifier_date_params,27,0.5885631010474126,0.09158212709610347,0.25724245174653987,0.4229027763969762,-0.0740781975543329,0.5786688751573439,-0.11875282238870022,-0.11007808813595352,-0.11224677169914019,-0.11441545526232687,-0.11658413882551355,159.45,-32.19769660498507,15.714227546261196,63.62615169750746,111.53807584875372
lgb_LGBMClassifier_date_params,29,0.6283637253288921,0.100139915920659,0.27621451905673666,0.45228912219281436,-0.07593468721541868,0.620231858068497,-0.07895219810722072,-0.1111973614704169,-0.10313607062961784,-0.09507477978881881,-0.08701348894801977,208.1,-44.945522580119146,18.315858064910636,81.57723870994042,144.8386193549702
lgb_LGBMClassifier_date_params,30,0.6344033072582345,0.11386295688775401,0.2873764070112475,0.46088985713474095,-0.05965049323573947,0.6232494842316344,-0.07291261617787831,-0.10721076743472702,-0.09863622962051484,-0.09006169180630266,-0.08148715399209049,232.85,-22.40293879531582,41.41029590351313,105.2235306023421,169.03676530117104
lgb_LGBMClassifier_date_params,31,0.6080598781091199,0.09173178849661627,0.26384115170078415,0.43595051490495196,-0.0803775747075516,0.6082105041658667,-0.09925604532699286,-0.11387763848438301,-0.11022224019503546,-0.10656684190568794,-0.10291144361634041,190.5,-57.979881568235946,4.140088823823042,66.26005921588202,128.38002960794103
lgb_LGBMClassifier_date_params,32,0.6289385151661562,0.09844585304527001,0.2752767404188987,0.45210762779252744,-0.07838503432835871,0.6157769283984398,-0.07837740826995668,-0.10783744719107337,-0.1004724374607942,-0.09310742773051503,-0.08574241800023585,219.3,-42.42129968148862,23.009025238883538,88.4393501592557,153.86967507962788
lgb_LGBMClassifier_date_params,33,0.6298704236983862,0.09511261362443944,0.27336521698242167,0.451617820340404,-0.08313998973354281,0.6129287289356264,-0.07744549973772659,-0.11210500517266538,-0.10344012881393068,-0.09477525245519598,-0.08611037609646129,216.0,-45.75781657572592,19.68163756820556,85.12109171213704,150.56054585606853
lgb_LGBMClassifier_date_params,34,0.6314145168205298,0.10295469263982153,0.2791079673667243,0.45526124209362706,-0.07319858208708124,0.6211221759414944,-0.07590140661558294,-0.10257729181598388,-0.09590832051588365,-0.08923934921578341,-0.08257037791568317,219.7,-31.044949490841322,31.641287881869005,94.32752525457933,157.01376262728965
lgb_LGBMClassifier_date_params,35,0.6028307380628021,0.09323142367914407,0.2630978618070301,0.4329642999349161,-0.07663501444874193,0.6003670506482607,-0.10448518537331068,-0.1133917365587437,-0.11116509876238545,-0.10893846096602719,-0.10671182316966893,173.3,-45.70205441528617,9.048459188535375,63.79897279235692,118.54948639617848
lgb_LGBMClassifier_date_params,36,0.6185280337305472,0.09353527678106564,0.2685328624308928,0.44353044808072,-0.08146230886876155,0.6128759075807616,-0.08878788970556563,-0.1101243627041705,-0.10479024445451929,-0.09945612620486807,-0.09412200795521686,202.8,-44.98098363629778,16.964262272776665,78.90950818185112,140.85475409092558
lgb_LGBMClassifier_date_params,37,0.627792469997041,0.10152493968360939,0.2769474497880866,0.4523699598925638,-0.07389757042086781,0.6207260771575733,-0.07952345343907193,-0.11157035326269628,-0.10355862830679019,-0.0955469033508841,-0.08753517839497801,216.7,-30.236291659747778,31.497781255189164,93.2318541701261,154.96592708506304
lgb_LGBMClassifier_date_params,38,0.626286127919491,0.10033452217053515,0.2756517240868538,0.4509689260031724,-0.07498267974578347,0.6211533888194494,-0.0810297955166218,-0.11309099104450568,-0.1050756921625347,-0.09706039328056373,-0.08904509439859276,214.6,-37.28627987164537,25.685290096265973,88.65686006417731,151.62843003208866
lgb_LGBMClassifier_date_params,39,0.6384740918142192,0.10024661497267356,0.27965577391985547,0.4590649328670373,-0.07916254397450832,0.625853762607011,-0.06884183162189347,-0.10942809603621076,-0.09928152993263145,-0.08913496382905212,-0.0789883977254728,226.15,-39.29662835409675,27.065028734427443,93.42668582295163,159.78834291147584
lgb_LGBMClassifier_date_params,40,0.634073339287454,0.11485957695124258,0.2879308310633131,0.46100208517538355,-0.058211677160827896,0.6243789944741681,-0.07324258414865867,-0.11043632754131201,-0.10113789169314868,-0.09183945584498535,-0.08254101999682201,228.85,-28.40583860171473,35.90812104871395,100.22208069914264,164.5360403495713
lgb_LGBMClassifier_date_params,41,0.6331537267066093,0.09735553861787768,0.2759549346474549,0.4545543306770321,-0.08124385741169951,0.6216604847647134,-0.07416219672950344,-0.11211072793012114,-0.10262359512996672,-0.09313646232981229,-0.08364932952965787,225.15,-37.18276930694288,28.40042301979284,93.98361534652857,159.5668076732643
lgb_LGBMClassifier_date_params,42,0.6342975462651583,0.10127675986691714,0.27895035533299756,0.4566239507990779,-0.07639683559916324,0.626346227055945,-0.0730183771709544,-0.11770299263699399,-0.10653183877048408,-0.0953606849039742,-0.0841895310374643,222.6,-28.387007982917506,34.35974401281187,97.10649600854124,159.85324800427063
lgb_LGBMClassifier_date_params,44,0.6214040673013892,0.0978367437751202,0.2723591849505432,0.4468816261259662,-0.07668569740030282,0.6196732802195904,-0.0859118561347237,-0.11048541654655365,-0.10434202644359616,-0.09819863634063868,-0.09205524623768119,209.2,-46.84679521826677,17.16490358629992,81.1766023908666,145.1883011954333
lgb_LGBMClassifier_date_params,46,0.6339059341542705,0.10026589424454083,0.27814590754778407,0.45602592085102733,-0.07761411905870241,0.625570223427612,-0.07340998928184223,-0.1082077724702732,-0.09950832667316546,-0.09080888087605771,-0.08210943507894997,219.4,-40.10527812312655,24.771041407655087,89.64736093843672,154.52368046921836
lgb_LGBMClassifier_date_params,47,0.6226615393437398,0.09650487106887401,0.27189042716049594,0.44727598325211787,-0.07888068502274792,0.6157943723871059,-0.08465438409237298,-0.11189126170460122,-0.10508204230154415,-0.0982728228984871,-0.09146360349543005,202.0,-39.67646937697736,20.742647967266983,81.16176531151132,141.58088265575566
lgb_LGBMClassifier_date_params,48,0.6252138141938873,0.10249488612505203,0.2767345288146638,0.45097417150427554,-0.07174475656455974,0.6179411863972767,-0.08210210924222543,-0.10656377878937941,-0.10044836140259092,-0.09433294401580242,-0.08821752662901391,211.7,-39.20331618626159,23.522512860303806,86.2483419068692,148.97417095343457
lgb_LGBMClassifier_date_params,49,0.6285157240561834,0.09748535301854093,0.2744954766977551,0.45150560037696924,-0.07952477066067322,0.6224159510076163,-0.07880019937992942,-0.11108176613216385,-0.10301137444410524,-0.09494098275604664,-0.08687059106798803,212.4,-40.6754088963945,22.593443327704126,85.86229555180276,149.13114777590138
